
exercisedb=# SELECT name, city, state FROM customers;
         name         |       city       |   state    
----------------------+------------------+------------
 Donato Rempel        | Janachester      | Virginia
 Tyrell Von DDS       | Verdieborough    | Colorado
 Ms. Sofia Rowe       | Opheliaborough   | Ohio
 Evert Pfeffer        | Port Ozella      | Arizona
 Elta Dicki           | Deckowtown       | Montana
 Zelma Davis          | Alport           | Ohio
 Edna Hintz           | North Kelliestad | California
 Coleman Prohaska Jr. | Rigobertoside    | Colorado
 Wilhelmine Huels     | West Lauryntown  | Maine
 Hulda Will III       | Mikeberg         | Florida
(10 rows)




exercisedb=# SELECT name, city, state FROM customers WHERE state LIKE '%Ohio%' or state LIKE '%Virginia%';
      name      |      city      |  state   
----------------+----------------+----------
 Donato Rempel  | Janachester    | Virginia
 Ms. Sofia Rowe | Opheliaborough | Ohio
 Zelma Davis    | Alport         | Ohio
(3 rows)

exercisedb=# 